{"stats":{"minecraft:custom":{"minecraft:interact_with_furnace":7,"minecraft:interact_with_anvil":1,"minecraft:mob_kills":82,"minecraft:interact_with_crafting_table":4,"minecraft:open_shulker_box":32,"minecraft:leave_game":5,"minecraft:time_since_death":5324,"minecraft:sleep_in_bed":3,"minecraft:climb_one_cm":3243,"minecraft:damage_resisted":40,"minecraft:time_since_rest":5354,"minecraft:sprint_one_cm":28420,"minecraft:walk_one_cm":508809,"minecraft:damage_taken":2090,"minecraft:damage_absorbed":160,"minecraft:drop":20,"minecraft:damage_dealt":3173,"minecraft:fly_one_cm":838609,"minecraft:player_kills":1,"minecraft:open_chest":18,"minecraft:crouch_one_cm":2622,"minecraft:play_time":345037,"minecraft:deaths":10,"minecraft:sneak_time":2404,"minecraft:walk_under_water_one_cm":301,"minecraft:interact_with_lectern":1,"minecraft:jump":338,"minecraft:walk_on_water_one_cm":2495,"minecraft:total_world_time":345037,"minecraft:fall_one_cm":556,"minecraft:inspect_dispenser":19},"minecraft:used":{"securitycraft:reinforced_stone_pressure_plate":2,"minecraft:bamboo_trapdoor":1,"minecraft:chiseled_polished_blackstone":1,"minecraft:netherite_sword":69,"minecraft:writable_book":14,"minecraft:iron_ore":13,"securitycraft:door_indestructible_iron_item":4,"securitycraft:reinforced_cobblestone":5,"minecraft:stone_pickaxe":6,"securitycraft:keypad_trapdoor":1,"minecraft:redstone":22,"minecraft:dispenser":9,"securitycraft:keypad_chest":2,"minecraft:dark_oak_sign":9,"minecraft:diamond_hoe":4,"minecraft:ladder":2,"minecraft:oak_sign":19,"minecraft:ender_pearl":12,"minecraft:chest":2,"minecraft:wooden_pickaxe":7,"securitycraft:bucket_f_lava":4,"minecraft:stone":16,"minecraft:redstone_block":7,"securitycraft:keypad_door_item":7,"minecraft:torch":5,"minecraft:polished_blackstone_pressure_plate":3,"minecraft:dirt":9,"minecraft:anvil":1,"securitycraft:keypad_item":1,"minecraft:tnt":3,"minecraft:crafting_table":3,"minecraft:red_bed":11,"securitycraft:reinforced_ladder":14,"securitycraft:reinforced_dark_oak_button":1,"securitycraft:keycard_lock":4,"securitycraft:keycard_reader":4,"minecraft:lever":5,"minecraft:netherite_block":6,"minecraft:black_concrete":7,"minecraft:warped_trapdoor":6,"minecraft:gray_shulker_box":4,"minecraft:command_block":27,"minecraft:grass_block":20,"securitycraft:reinforced_dark_oak_pressure_plate":1,"minecraft:map":29,"minecraft:barrier":790,"minecraft:stone_button":10,"minecraft:spruce_pressure_plate":9,"minecraft:lectern":1,"securitycraft:reinforced_polished_blackstone_pressure_plate":2,"minecraft:iron_door":2,"securitycraft:bucket_f_water":63,"securitycraft:mine":2,"minecraft:bedrock":2591,"minecraft:green_shulker_box":2,"minecraft:written_book":2,"minecraft:cobbled_deepslate_slab":1,"minecraft:furnace":1,"securitycraft:laser_block":4,"securitycraft:cage_trap":67,"minecraft:black_candle":7,"minecraft:polished_blackstone_button":1,"securitycraft:reinforced_polished_blackstone_button":1,"minecraft:stone_pressure_plate":4,"securitycraft:briefcase":6,"minecraft:white_concrete":6,"securitycraft:bouncing_betty":3,"minecraft:red_dye":1,"minecraft:enchanted_golden_apple":2,"securitycraft:reinforced_stone_button":69,"securitycraft:glow_display_case":1},"minecraft:dropped":{"minecraft:crafting_table":1,"minecraft:command_block":2,"minecraft:filled_map":16,"minecraft:spruce_pressure_plate":1},"minecraft:picked_up":{"minecraft:iron_chestplate":1,"minecraft:crafting_table":3,"minecraft:barrier":3,"minecraft:redstone_block":1,"minecraft:iron_door":2,"minecraft:leather":7,"minecraft:lead":4,"minecraft:bedrock":2,"securitycraft:keypad_chest":1,"minecraft:wooden_hoe":2,"minecraft:dirt":3,"minecraft:red_bed":2,"securitycraft:reinforced_stone_button":2,"minecraft:oak_sign":1,"minecraft:netherite_sword":1,"securitycraft:keycard_lv1":1,"minecraft:written_book":2,"minecraft:chest":2,"minecraft:spruce_pressure_plate":1,"securitycraft:keycard_lock":1,"minecraft:stick":3,"minecraft:raw_iron":3,"securitycraft:mine":1,"minecraft:torch":2,"securitycraft:reinforced_polished_blackstone_pressure_plate":2,"securitycraft:keycard_reader":1,"minecraft:redstone":1,"minecraft:gray_shulker_box":1,"securitycraft:briefcase":1,"minecraft:firework_rocket":5157,"minecraft:command_block":5,"minecraft:slime_ball":45,"securitycraft:bouncing_betty":1,"minecraft:lever":6,"securitycraft:door_indestructible_iron_item":1,"securitycraft:keypad_door_item":1,"minecraft:cobblestone":4},"minecraft:killed":{"minecraft:bat":1,"minecraft:wandering_trader":2,"minecraft:slime":75,"minecraft:trader_llama":4},"minecraft:crafted":{"minecraft:spruce_planks":12,"minecraft:wooden_pickaxe":1,"minecraft:stick":4,"minecraft:stone_pickaxe":1},"minecraft:mined":{"securitycraft:bouncing_betty":1,"securitycraft:mine":1,"minecraft:red_bed":2,"minecraft:crafting_table":1,"minecraft:lever":3,"minecraft:grass_block":2,"minecraft:chest":2,"minecraft:wall_torch":2,"minecraft:iron_ore":3,"minecraft:stone":4}},"DataVersion":3465}