{"stats":{"minecraft:picked_up":{"minecraft:crafting_table":1,"minecraft:raw_iron":6,"minecraft:spruce_planks":16,"minecraft:stone_pickaxe":2,"securitycraft:bucket_f_lava":1,"minecraft:cobblestone":7},"minecraft:mined":{"minecraft:spruce_planks":1,"minecraft:iron_ore":3,"minecraft:crafting_table":1,"minecraft:stone":5},"minecraft:crafted":{"minecraft:spruce_planks":20,"minecraft:stick":4,"minecraft:wooden_pickaxe":1,"minecraft:stone_pickaxe":1},"minecraft:dropped":{"securitycraft:bucket_f_lava":1,"minecraft:stone_pickaxe":2},"minecraft:killed":{"minecraft:creeper":1},"minecraft:used":{"securitycraft:keycard_reader":1,"minecraft:water_bucket":4,"minecraft:moss_carpet":12,"minecraft:netherite_sword":2,"minecraft:lava_bucket":1,"securitycraft:door_indestructible_iron_item":1,"securitycraft:keypad_trapdoor":2,"minecraft:grass_block":64,"minecraft:stone_pickaxe":4,"minecraft:oak_button":2,"minecraft:spruce_planks":5,"minecraft:chest":22,"minecraft:wooden_pickaxe":5,"securitycraft:bucket_f_lava":2,"securitycraft:keypad_door_item":2,"securitycraft:bucket_f_water":1,"minecraft:bedrock":582,"minecraft:dirt":1,"minecraft:cobblestone":2,"minecraft:iron_trapdoor":1,"minecraft:scaffolding":4,"securitycraft:laser_block":1,"minecraft:gray_bed":1,"securitycraft:briefcase":2,"minecraft:lime_shulker_box":28,"securitycraft:keycard_lock":2,"securitycraft:reinforced_stone_button":5},"minecraft:custom":{"minecraft:time_since_rest":5544,"minecraft:damage_taken":4960,"minecraft:interact_with_furnace":2,"minecraft:sprint_one_cm":19,"minecraft:walk_one_cm":172974,"minecraft:mob_kills":1,"minecraft:drop":3,"minecraft:damage_dealt":308,"minecraft:interact_with_crafting_table":2,"minecraft:fly_one_cm":47319,"minecraft:open_chest":4,"minecraft:crouch_one_cm":141,"minecraft:open_shulker_box":7,"minecraft:play_time":148298,"minecraft:deaths":20,"minecraft:sneak_time":586,"minecraft:jump":243,"minecraft:leave_game":1,"minecraft:walk_on_water_one_cm":878,"minecraft:time_since_death":5413,"minecraft:sleep_in_bed":1,"minecraft:climb_one_cm":3024,"minecraft:total_world_time":148298,"minecraft:fall_one_cm":211},"minecraft:killed_by":{"minecraft:player":1}},"DataVersion":3465}